block_number,transaction_hash,from_address,to_address,value,block_timestamp
16619803,0xbd2dd8d970d6545fc986bcff96a8e6c503713d8e7a3373787327776fa1da7af2,0x6596da8b65995d5feacff8c2936f0b7a2051b0d0,0x58781bec079b6485d1be088422d7f9f35f8778cd,1180738815065286,2023-02-13 12:21:11 UTC
1017784,0x15753c81fb626f64183f6b79d3abe0833eaedb272433fbadc7729af0c47e613c,0x63a9975ba31b0b9626b34300f7f627147df1f526,0xd28b6a9fe517023e2c894a6771e5ca116be2b64f,1112812140000000128,2016-02-17 12:32:48 UTC
1432297,0x1bcd3ebe3fc33deec28061213f1a64602bb75ab7f25eb6f7195ed57b70e7bfc5,0x766310862e14b707fcccc9d87db420794140d752,0xbb9bc244d798123fde783fcc1c72d3bb8c189413,33000000000000000000,2016-04-30 15:36:02 UTC
1019498,0x06618feeb2496bdabdabf1a6adcbf7e0973661079f8a3f3aeb9dc9eeb1606701,0x0c729be7c39543c3d549282a40395299d987cec2,0x37085faf0bc61e425da19eb1e0b3e89c0767bd98,134466670000000000,2016-02-17 21:05:33 UTC
1016985,0x58ad80abccf7c59b8d651bb527ec9370686a5c66bfd6fbfd4aaa97ca5a5abb2f,0x8b614162ff29cfd54781404f449552531c030536,0xfbb1b73c4f0bda4f67dca266ce6ef42f520fbb98,1421284940000000000,2016-02-17 08:35:51 UTC
16618440,0xccaab6e27827df561e388ae297eebdb13bdce91e8f192d964ff0246b5f0ec9f2,0xd9be93dc469d0b16d225962e4c090f903c28edee,0xa9d1e08c7793af67e9d92fe308d5697fb81d3e43,209923186841435285,2023-02-13 07:47:23 UTC
21336583,0x1b34c920036bd128ae34c38c6881aeb3240864c29552606adf5f962ebf674783,0x1c727a55ea3c11b0ab7d3a361fe0f3c47ce6de5d,0x938e064970ed5c37eaecad9d3f28cefbaa25bf36,21165163193684003,2024-12-05 13:26:11 UTC
1017039,0xef4f6f9032b4a980685ddaf8464322702b14db7154b99cfe38c547890c151ce6,0x1f93b5e75a04b225816935c3d65f552cac88a61b,0x9af09991ad63814e53ffc1bccf213ee74027608b,1,2016-02-17 08:52:44 UTC
16616312,0x0c89910f4f095f0910b69eeaa07067c055757676ead0d977ea42e95937f9ee4b,0x95222290dd7278aa3ddd389cc1e1d165cc4bafe5,0x4675c7e5baafbffbca748158becba61ef3b0a263,117839557501828426,2023-02-13 00:39:59 UTC
21336538,0x944be1bba541da55355ef29012be1ded3eb93853a900d155f751b8fc5fb2accc,0x7e2a2fa2a064f693f0a55c5639476d913ff12d05,0xfdeced66af5596e1a4567b52a71060e3ba470eb3,32000000000000000000,2024-12-05 13:17:11 UTC
1434310,0x7a8168785f32360f1b9d98ebb8f85c7a281af4307c1bc646189080eb2503dd7b,0x2a65aca4d5fc5b5c859090a6c34d164135398226,0x2251e6b6f0b025737e82e7b3bff9915989b75e26,2336320250000000000,2016-04-30 23:40:26 UTC
16621730,0xbbf77fabdfeb705c3fbc5b5109398aa72023f763f35b33ce58a5fafb94b8f62b,0x28c6c06298d514db089934071355e5743bf21d60,0x296c80d1c73267dca5ad0066f260387397ccdbca,335764330000000000,2023-02-13 18:49:59 UTC
16618264,0xb80a31be48cb797c522a5dc74451b4d33d31ef616c999ce2b815ab3bcd7aaa39,0x38351353cfcfd4e37c7c29be1c18c9ad99618a9c,0xe60dbdcdc26aafa942993cd695bfa32bfb3c9654,16982590570772464828,2023-02-13 07:12:11 UTC
16622076,0xbb18da6bafa98a5e187e6dd6b5ce7b82771d3a7bb6fb82b4ecb07ca759d5d6af,0x07e9d06db58a77407db95d93fbe1275a46f97463,0xb67e2f2fbf8b1d03e3dd906dc75a3485863e406f,268900000000000000,2023-02-13 19:59:35 UTC
1429126,0x5734f6a0b66df53ca3a8bff8b21132c35ac71943f6a0117ad5f5b812a2eeecc0,0x0c729be7c39543c3d549282a40395299d987cec2,0x9a8f050c814bbf11822be2d16d545de539b329e0,55735590000000000,2016-04-30 03:10:53 UTC
16621186,0xe176bafcbe1e800fc85eafb9f7323a79cd734649c1974afbcb791bf417fbdae4,0x4f9de2750fd0baf142a82b482c56ba99a979e170,0x3bc900f3b4024a3fb858fa9f5db9fb9d558ab5cc,1104000000000000000,2023-02-13 16:59:59 UTC
21336323,0xb9645f7da999a3c57a5ef5fc6f8c816673671da3fafb0680b4051754267100a8,0x3ce93fd9a1b67136f14bdc8a5f4b5e6a6d9353a7,0x3a09c40f8f7b93c8c7e09a5422e56dfe7c7d2794,123341923519841000,2024-12-05 12:33:47 UTC
16620854,0x881eb12193d6fb421fedfb6c7ef849e9e003ef079c00e7c1ab21f3aea2adb005,0x9696f59e4d72e237be84ffd425dcad154bf96976,0x714499507d55b96edf0221afdc7c244d72231acb,364308900000000000,2023-02-13 15:52:47 UTC
16620233,0x8788d2fd10ce950323e7571f1c34df842dbeb5dbe82597d0fff85175e8d7b74c,0xc8596023eca4662f7aaa63db33af4ab14f02512a,0x1830ad21f04f5af75a5abda3a2142d43a990ebbe,94288000000000000,2023-02-13 13:47:47 UTC
16621378,0xfef80256305024da46c95dbe7230bc1bc39d2a04354e9afe1e011d493e523723,0xf5303ea838b2a02b350b0f42419eedcce3abeb18,0xc02aaa39b223fe8d0a0e5c4f27ead9083c756cc2,376000000000000000,2023-02-13 17:38:59 UTC
16617986,0x27edb7e3c6dd65f911c15cbfd730ef7f370db0d6360f474f1559b0dc016dc517,0x0baed9fea535970dc88822d7b04ab7740e571d05,0x0000000000a39bb272e79075ade125fd351887ac,1960000000000000000,2023-02-13 06:15:59 UTC
1431917,0xa833eab61bd6c9d5ffc77d911e42b83cd363909c084bde8b57316b9b6af520e6,0x52bc44d5378309ee2abf1539bf71de1b7d7be3b5,0xca8d491d8153e49276f68b1c57eb80963030d992,174511403788079936,2016-04-30 14:02:27 UTC
1015927,0xfeb9eedb3eee69782c6632648a7a67f578867bd1b24e86f8b34b80d133fde951,0x2a65aca4d5fc5b5c859090a6c34d164135398226,0xb9ee81c1a5cde84454dc603a8000836118627cfd,6651918450000000000,2016-02-17 03:35:28 UTC
16619085,0x985890e81adc1eb05f1f0f6704cd823376ea26b1001a520adbf4b88b9d2b6040,0xa8eba6da3801489093c0299529ac79fc16c59b6d,0x3dd55302ef5762d0a1d083bc8ebd8155fbb35b9b,16000000000000000,2023-02-13 09:57:23 UTC
1015413,0xbdfb1e84c8bcc92f28a60051090b28b7b11af0835f1d4bbeaf80ebd240e5f10c,0x2a65aca4d5fc5b5c859090a6c34d164135398226,0x2b5c412bce54d17cc805f928e1dff4a42ff370c7,91886963400000000000,2016-02-17 00:59:55 UTC
16618793,0x7afe81448cebdd0a6cf45b9735dd213eca46291f955ccbd015b567e09b4d8f26,0x21a31ee1afc51d94c2efccaa2092ad1028285549,0x812853a9f3a50295d37404a9fcf539cdb06a6070,1800000000000000000,2023-02-13 08:58:47 UTC
1434182,0xf48620cf84332ea2628ea1bfb9e6aa878385a5b6e4be0c5ad8f30d2ef1dbaece,0xf4d77829cfe6c25a1d85d8054febfbfa38c8efdb,0x32be343b94f860124dc4fee278fdcbd38c102d88,1032613580000000000,2016-04-30 23:11:15 UTC
16618064,0x900244607e74897d5b7e28c1efa1994cd19abc794919d31109073b8c060bc078,0x177adff52dbf8d13db9a0ebe24a28d16cfa0b53c,0x6a05c0df54cb3158924f304624e59bd5477211ac,24611701556098000,2023-02-13 06:31:35 UTC
16619425,0x09f6444fd43e12ef87383649f170b01f980adf5686e1311f42b26282a3eb8b47,0xfdb5416ef6b04dd8dc87efe0f9889451b86fcf1f,0x9675a3628d29f9709f81259803802f2188770870,168799999999999980,2023-02-13 11:05:35 UTC
16619955,0xbc322272ba67ff6961e40cee31a66406c8629bad02c45c7aa1ac4dc86d564c03,0xc33bb805f64c3cd950b90e229c97f309b5579c31,0xb633de08592852cae3093e08a36a2e45ed39e7fb,35270000000000000,2023-02-13 12:51:59 UTC
21336358,0xfd5d8ff24d610bd4476488d878cf6d255fe70206df96f0e786efa3f5e2ec54b8,0xbbe7b62f61351bf70cf6f277d99d6af0cec859cc,0x0c779412f4eadb77135364d481d5258501e42989,1436880000000000,2024-12-05 12:40:59 UTC
1431608,0x86697f0a7a060a64ef9914e1443bd637bed5f844fc156fbe66b8e7421a31545f,0x2a65aca4d5fc5b5c859090a6c34d164135398226,0xdd55dbb693a3b173cd3c8816748ad89c0bb46fc8,1088686900000000000,2016-04-30 12:49:56 UTC
1017546,0xa4b29c431ef76d009dc49dae094cdbb4e4ef76e6227664cb3ae56760892bd259,0x2a65aca4d5fc5b5c859090a6c34d164135398226,0x551f9ebd6c43f3f19b45ec43757b823d9f3721b5,1040967090000000000,2016-02-17 11:27:28 UTC
1016373,0x969d21c2b32bccf9293c7b3a84dde958c4e6a114ef1db8804b08432e14da99e7,0x2a65aca4d5fc5b5c859090a6c34d164135398226,0x7260287cf57a056f68449a2562fa9251a19fba06,1138683490000000000,2016-02-17 05:36:55 UTC
16620892,0x056fc97eda053200939f4e2c849a01d6729fc936c6d33f2f0ad92138c9a92d48,0xe22059d454c705f70ffe2a5706844a3a27a2bec8,0x3a3548e060be10c2614d0a4cb0c03cc9093fd799,65290000000000000,2023-02-13 16:00:23 UTC
1433490,0x162f128bf6c5f6ed0619cd7852c44409ea076517ca8558b81ed07e7bbcf4e4d3,0x9e6316f44baeeee5d41a1070516cc5fa47baf227,0xee3d350dc09d6f835b78760cadc689c6c4427989,10000000000000000000,2016-04-30 20:25:01 UTC
16621048,0x8d9ebf8cf8ae06103aab74b78dd2847de2f84b3f120cd92b23b3c18720b96463,0x4d9ff50ef4da947364bb9650892b2554e7be5e2b,0x0b95993a39a363d99280ac950f5e4536ab5c5566,15000000000000000,2023-02-13 16:32:11 UTC
21336574,0xd4162b2f8fee7e67de05716ecf17dbc82f1e6186e4332118b454c86d4b234000,0x8269e7d6b57ff20058496dc74b91e73e16c4bf44,0x357c6fd2cee77ba5de49e0bb9d49444781a8f0cc,4200000000000000,2024-12-05 13:24:23 UTC
1433360,0x5179c051a59147befd9d4720217db646eb0cfebd059ba94fafdfb018a02d2088,0xf0e42abda410cefb5b4dc4de92a3de5b309e02f2,0xbb9bc244d798123fde783fcc1c72d3bb8c189413,1,2016-04-30 19:53:47 UTC
16619374,0x188f5f22a23a1d30b073b522ab9e1a57754b14f0d4b17c8b21e2ce2f6043056a,0xd15d82d9c20f15ac818db7ec41ea0e1b024d43da,0x6571d6be3d8460cf5f7d6711cd9961860029d85f,2250000000000000000,2023-02-13 10:55:11 UTC
16616882,0x1023e797a3c798aeb969e506a34623a8955cb95d01a7ac8139b96efd57eff7bb,0x968a0f2dcb88f1a280b700ff6b58c2b46358daa8,0xc49b8656b6cae2e92b78b31abf877ef4f470b3b2,1148317566174801295,2023-02-13 02:34:35 UTC
21336543,0xb2cb53951cc2ada2dac58b5c114354231b75426936e9f308aa7386c8e4980f2f,0xa550d2baa65d5edb478e5455ba9322696acb578a,0x29d38fdf26d64fa799276e6615759d27db1f1fcd,823104759713805560,2024-12-05 13:18:11 UTC
16617825,0x4d3a6f441d15ef6160a9bd52653165fb10ce4da477792cf1f9a648b74ed83829,0xde933602989165c63f001559b677a357ed6120c2,0x64e130e8747469edd3a89ca46cfa45070a809767,1527023770000000000,2023-02-13 05:43:35 UTC
1433382,0x348d05ce11d641c58ade9b5d3f32fa6de1c6a0180da83be32a8b7a8b01e241dc,0x26c9e70aa8ff5c2422eb9f7577955209535fb263,0x32be343b94f860124dc4fee278fdcbd38c102d88,1659605140000000000,2016-04-30 19:59:50 UTC
16622590,0xc66f777ad435ae85d91521bfa1ed613bc2ddcc100d57acd32da5d93a57a50255,0xc1ccfb5fc589b83b9e849c6f9b26efc71419898d,0xff252725f6122a92551a5fa9a6b6bf10eb0be035,7393417643508096,2023-02-13 21:42:35 UTC
21336565,0xb98181a3fff260e88a80d3a69d8b666161324c1de66ad3bc65d5bb3c7edcf172,0x3247f6b66f24f672eacf52080e0381fa45deb307,0xeed92572445c64354c927634bebd954fb630971c,487969424976457840,2024-12-05 13:22:35 UTC
1019500,0xe7eada52108cad572d2e4da28ba8113fcc1947fd64fc55f5ba894045f9cbd898,0x0c729be7c39543c3d549282a40395299d987cec2,0x2842cfbb8ccd344cd6690fe105720c3ef82e11db,33616670000000000,2016-02-17 21:05:58 UTC
1429553,0xc8c3c4f0eddf9721576fb16832f8b747df903c7d53848a78b62329fc3671acc5,0x63a9975ba31b0b9626b34300f7f627147df1f526,0x1f57f826caf594f7a837d9fc092456870a289365,117296710000000000,2016-04-30 04:55:43 UTC
1433805,0x56c17d4f9c520f58650db09e814b479cfd0a75317f24d25e799e7782a054a590,0x32be343b94f860124dc4fee278fdcbd38c102d88,0x68aa5e707e92c5ca61d8e50632746c1585d5ddd4,4474108030000000000,2016-04-30 21:41:17 UTC
1430342,0xef9a24aadd459406fd581ef6bc9378dff2fe4a773ef6b3f5869c6de96aef1bc3,0x52bc44d5378309ee2abf1539bf71de1b7d7be3b5,0x651fb938bc292292efb1fcd782edb80eeb815aac,2597730618027245056,2016-04-30 08:00:54 UTC
1433712,0x2fa220feb9bf6718cdd1ee4edd72c9941c125712d2ccd67d14cee581933ea4d2,0x30e1c511aac2e76967dad7b060e6a040bd1c1add,0xbb9bc244d798123fde783fcc1c72d3bb8c189413,39000000000000000000,2016-04-30 21:19:16 UTC
16619350,0xd37b92e6a1c3f73e0ded837053c9b8e52abcbd6c1e31ed1139fb746e4a8d04f9,0x3ab28ecedea6cdb6feed398e93ae8c7b316b1182,0x40cb6c26d0962ef60eb37163a2d17594da0c8e36,3466961644050366,2023-02-13 10:50:23 UTC
1017616,0x6087dd9c27d890227c5934dac4f34f5a0e446dbabab68920ee72eed62d7b2626,0x2a65aca4d5fc5b5c859090a6c34d164135398226,0xdcdd4d3e22be6e1f5c8875b922139bbf6aee7afb,1012463310000000000,2016-02-17 11:45:27 UTC
16617534,0x12ca72f71be9f260e45b65856f77ed49bd7a54ec82c7e659f3f4a5b613fcc115,0xaedb6dc931d647b298ce9688b707da8a5e58ac2b,0x4c47d7c8d93a51549613317236407c6604a91940,296295877594933317,2023-02-13 04:45:11 UTC
1434224,0xaf069ad5045631040426b6e1d6b3e61148e24bfaaa00836c8cffbb2178c30f20,0xea674fdde714fd979de3edf0f56aa9716b898ec8,0x86d3856ad0105b9d4199936c1fd203664ba325dc,1001851361992874500,2016-04-30 23:22:37 UTC
16619554,0xc3af978cf5780f4b2448b12cc56fe783428746d1c9a93d2b15f4b912ae63d506,0x95222290dd7278aa3ddd389cc1e1d165cc4bafe5,0x388c818ca8b9251b393131c08a736a67ccb19297,184941218288217884,2023-02-13 11:31:23 UTC
1431032,0x3d5bf88d41acb909f570be1ff5db5c6e23488e675fc13ac495deebbc13ac1edc,0x2a65aca4d5fc5b5c859090a6c34d164135398226,0x9cfa846e051b724cf6765e5456f40ea78d0402f7,1647331580000000000,2016-04-30 10:38:31 UTC
16621458,0x10cd787bac9fa1ccdd3892cd05cd08008e0bd5f334c17969ce238a6eb88ea5c4,0x883151ea8eaf2bc72569d7e53bbe9bd525a6700d,0x39d933967ba5fa31734936975154d7ed502a7d4b,13597672078540160,2023-02-13 17:54:59 UTC
1431814,0x469cc2117226d68d60dfe294fee3a837793f4acdfe0dd85db4f941e52ba102c8,0xf8b483dba2c3b7176a3da549ad41a48bb3121069,0x551c13dd5be5434f9ac6d212420a9bbb2c063367,93343990000000000,2016-04-30 13:37:52 UTC
1432849,0xa28c10040912585156a2a6e187bcf08b6401625ef86f28ec9b0febe16a66166e,0xea674fdde714fd979de3edf0f56aa9716b898ec8,0x79bde4443561245485f8a4b1b0b5661c1c667bf7,1005628700792646700,2016-04-30 17:54:56 UTC
620751,0x0b1b16343ad935106de4176dcca0079b9754a40c30b005640158d5b1c4d8ab10,0x2a65aca4d5fc5b5c859090a6c34d164135398226,0x6589d22b54648e5d67dc008ebd0c836d3df39c87,1063388840000000000,2015-11-30 17:03:12 UTC
16619301,0x0759a351ec89d730b765183f3e47f9932439f516b97ec4a907902208d078893c,0x6081258689a75d253d87ce902a8de3887239fe80,0x384a31215a1670ba495f8ec03876e834bff0f01a,629585901069622000,2023-02-13 10:40:35 UTC
16623084,0x53179cb9083b25672dbf927f4b9a975ef67ef16d265e667c3c02555702101bc3,0x8fb4001df75724c932dbb3c2463a27e3a11bc350,0xc5955d6981df1b5e36a5d654f7bc66be1d265d03,500000000000000000,2023-02-13 23:21:47 UTC
21336486,0x56b1e044273a51018d66ecdc1a494afcfe99081f54a16ef13fffc365f265d02c,0x0e951b72988029b1aaf18c45082eaf7484949f6e,0xba45e7f8851069a44bd8535732e3c6af344c7250,19450000000000000,2024-12-05 13:06:35 UTC
621711,0x2d5ef5ecbf6ba9a865ec2bfd6663add0c3be0ad6b53e3eb20ddde9ec826c68a2,0x63a9975ba31b0b9626b34300f7f627147df1f526,0x1dbd3820c264e31d6489359e82484e816b8787bf,1005898700000000128,2015-11-30 21:35:48 UTC
16622150,0xd7f464cfad933704d1f9947bf4e51f7ee3b6b389423286bba8e38031af9b066d,0x19ba7b3d829a36d01b85c640b7500c8fb540db0f,0x9718a8fa641a1287715148d696aa99d44dd68622,7000000000000000,2023-02-13 20:14:23 UTC
1428962,0xb938ea4d3f8381a2914b4240f301897f5c0acc9a2792022fa14bc8969d9ca978,0x27bebc44c6f60f99d558422288d616ee15dcb36d,0x1b1f7c2df7a84d2989ef0eecf7af768d43411ef9,4094737790000000000,2016-04-30 02:32:33 UTC
16621755,0x898e2be0355a47ce977a48d6b3790fb69b9ac54530114e1f5ac812456f18d2e8,0x94ebf53aad648357d6da2eced7f737165f768366,0x292f04a44506c2fd49bac032e1ca148c35a478c8,22149080000000000,2023-02-13 18:54:59 UTC
16620238,0xaa181da21200683bcf5494b92a75259de74cff50d6c058a91f52e6e58a2dd8f0,0xcad621da75a66c7a8f4ff86d30a2bf981bfc8fdd,0x3e779f03880377ee06b2f0f152ded5cdd70258e9,67100000000000000,2023-02-13 13:48:47 UTC
1430389,0x516e76995ae56b86e72991190f62b570fe7c2868c703cfb7063a5ab182f41d87,0x2a65aca4d5fc5b5c859090a6c34d164135398226,0x9cc3ae64d298c02145976c44336b66cd10a14270,11368230990000000000,2016-04-30 08:10:03 UTC
16619368,0xbda01e2f1d9629969d1a8f7fc190f033f99b4a43bdaea4baaeb85c3a8191bc7b,0x2dc2e5c705360f1539c933b7dbff5ce4de5bb7dd,0xf727bdef5fe302943cd6cba0c2131a332a458f02,400000000000000000,2023-02-13 10:53:59 UTC
21336513,0xec522d6e4966c8b81bdf261656bc8fa010858cf4b2a3ff2d0e70676b487f54ee,0xfc45b2839f07584e529b6094a2b88d192c246a13,0x1bd2fea8c3190f13ffdf3974826c08a00b000ec4,3732872400442794,2024-12-05 13:12:11 UTC
1429999,0xda8c5b1ebb98d7765977dcc9d1b721807bc435beb7b3e90dd667c443fae67e37,0x3c2dbe03685ec050c9170afa19976f8f6793d512,0x353765840d98943d116912997e3039afb16a0ea5,377594280000000000,2016-04-30 06:43:50 UTC
1432196,0x8c880f36bcb94c8bacc40abd69f51ae365c7d590996aeca84effffcd33485b36,0xea674fdde714fd979de3edf0f56aa9716b898ec8,0x49f99866dca43ac1ff34685fb933e04b2631c127,1004950293210403800,2016-04-30 15:12:12 UTC
1430390,0x8f763ffc70d1382e3095db43781e5b1e3c510c1caa21ea467b73eb1f1ca03b80,0x2a65aca4d5fc5b5c859090a6c34d164135398226,0xe2b5b1ef6f1bdc5b8cc8dea1adf91b10d3adde60,1352648980000000000,2016-04-30 08:10:13 UTC
16620357,0x5859800948f7ddf561526f486fd21dbbe600d57f59690824e0bbae3d2d43e5ca,0xca0ae9001227af0cafe959e734390cd276ea7668,0xbc3c908250ca1d324569bb775133735620d21323,6809283492728902,2023-02-13 14:12:35 UTC
619284,0xe0a12c521a5005aca8b5b65850c8789988043d928266b092640ba11a05c780f2,0xc59c2a781c61a3a72383ea333e8539753a47bd9d,0x32be343b94f860124dc4fee278fdcbd38c102d88,1240451270000000000,2015-11-30 10:13:13 UTC
16618444,0x627dea4670ffe3f08045872b210d899b6025d0fab42bb1a8eeb32f86529be00c,0x77991a7627adbe239618352b3247a0e5bc330b0b,0xae0ee0a63a2ce6baeeffe56e7714fb4efe48d419,8000000000000000,2023-02-13 07:48:11 UTC
16617606,0xf272475df2dee97a90fe5b78f934c47ec92eb6a575c29cb533b98ac5d26857c1,0xb47256d44edff73ca317ecf3f19f20310b307e90,0xb63fbbd1233a71a7697cec0a20daf799e06e44e5,296899057668491000,2023-02-13 04:59:35 UTC
1430324,0x468ad079b05877547b0ba271b11fe5fc60b28c4b23737385a7086070e0edf193,0xdf16d81ee80cddc5dfc66128486d3d6589a0bf76,0x32be343b94f860124dc4fee278fdcbd38c102d88,1007130940000000000,2016-04-30 07:56:31 UTC
16619218,0x536960e05b27568976760aa3dd66cb748aa71982f31d673362942b25eb736325,0x82eb0bf09a4bf2f336798c0919535eb94bd0331d,0x7c2a566268d77ffc1b4f8248b0c8cce6512139fa,85659000000000000,2023-02-13 10:23:59 UTC
21336580,0x5e1762c4444ab9fe0a893027cf6c0da6247c51080f88f4335a960011d1909856,0x240f81138efd16fbe451d88ebef05299dc0c3fa6,0x881d40237659c251811cec9c364ef91dc08d300c,77700000000000000,2024-12-05 13:25:35 UTC
16622819,0x91593c8097d41d30ae8b66a5a580289d09bc599ff0634caf806a74620b6d3017,0x466f581764721364f604b9f5d82e6bd26205f9db,0xfa3937f9cac9a6acf7003e34310386bd02488943,35125990988995579,2023-02-13 22:28:35 UTC
1429587,0xf0d88fc4faaf495f261d889dcbfed035804914b2576cd72ba67a6a445bf351f4,0x1f57f826caf594f7a837d9fc092456870a289365,0xfbb1b73c4f0bda4f67dca266ce6ef42f520fbb98,234180680000000000,2016-04-30 05:03:56 UTC
16617291,0x0499d842195e3e1552c567d570fcf2aac0c07b95ad7916d4aaa28d93dfd5b587,0x19883b1c27936a9825d55665f6fd72cd079c341a,0x61b5d38e8e3440c31e6da957a717fd39bfec4282,1997681350165163,2023-02-13 03:56:23 UTC
1432137,0xf6e9f1b789fac03ac4c243a855cd6070c90076529fe0f44fa3327428376c723e,0x2a65aca4d5fc5b5c859090a6c34d164135398226,0xb12ef9388a143513e2425cef671f27e8a3bb8ec3,1038484350000000000,2016-04-30 14:55:40 UTC
1433516,0x8502c13609414d97b8bbc83f9e886e9ddcc04dc7f73918100b6022dbfc81aefd,0xf8b483dba2c3b7176a3da549ad41a48bb3121069,0x9a004fd3b364ae098879017881fedfc7501f8f9d,1105770870000000000,2016-04-30 20:31:59 UTC
1429404,0x040396b1559938ca98657f3334fe2413ef7231ec398e515faf31d0427ec1d922,0x61c808d82a3ac53231750dadc13c777b59310bd9,0xf268767c1e5cacbc7a6530c9cc9aeca97b84e6b6,1885823865519511300,2016-04-30 04:18:58 UTC
16619209,0x861398327f0f2278e763f223fdf3f0ae5aa68211556d9e31c965aef9b5035164,0x71660c4005ba85c37ccec55d0c4493e66fe775d3,0x12399f3754f0d54b53f7bf4cc7179b104d0f2e83,1394797250000000,2023-02-13 10:22:11 UTC
16616713,0xa03e9d9e374ec927cb562d040ec52ffe7b9a03ec5878baae1fdd8207a019f0a4,0x88dcdd4a0a58b7e2208805d547043c37dca2b6dc,0x5c0f2961bd8b81fd98681833e2113099f4959c5f,146898833840058210,2023-02-13 02:00:47 UTC
16618705,0x2a7d3674b277851e5138f3e8860f2ff8238efafc02dd40a5620dc6e6116b540f,0x0999aa12a95f7e482788c769ae01774edc8910a3,0x45fbe66408fc5e771bb14605377a49dec87c7222,703017640000000000,2023-02-13 08:41:11 UTC
16621346,0xd6657700f1373136a0ff814c597f3214e3284b3581f10454260f2a6ff29ffc30,0x445a4d401e2608fb9e73e2c24fb01da81e383fc9,0xecaaccdc355f16cb643ede10b6fb14a0d7f07843,204685465107163688,2023-02-13 17:32:11 UTC
16617969,0xfea08d0317ab36de66033edc47a1a40b585417320df9337678cb744c548d110c,0x363353311d2f53a41af280548407da5e0730a6fa,0xa9d1e08c7793af67e9d92fe308d5697fb81d3e43,1070052103528700725,2023-02-13 06:12:35 UTC
618660,0x56a97fa109a54b8ed645dee8bcab16ac7d74bad7cca6421e3319d30ee3ce1f75,0x0912001e29bbaf75c23069a22d9b9602be86feb7,0x32be343b94f860124dc4fee278fdcbd38c102d88,43056476770000003072,2015-11-30 07:19:01 UTC
1430774,0x2dd24b861d9d463117f694221a2226c3de96cc28348e4c421e57211b65ba3119,0xf8b483dba2c3b7176a3da549ad41a48bb3121069,0x7920fead60cd4aa0fa924c130ad722a4b26713c6,1247741400000000000,2016-04-30 09:37:56 UTC
1432152,0x65e5eafeb17ef77f284f39261c84b5e91194d98fe667ae4d903e04a08fdc04d7,0xe08798a385e4302d27a05398944c6287ab8e30c5,0xd73026b0494d25427f3d1a7743babe1bddf8a035,478968926785174976,2016-04-30 15:00:33 UTC
16618472,0x7a9efbe66ad1e9a93f9aa924ac09f30ec78c7bf575e5abfd1377b5d1aed630ce,0xa40426da1db70ecf39c1d76decad6b031901a324,0x8892c1417a8b7651b2b09e304b7d9103534bcdc2,4000000000000000,2023-02-13 07:53:47 UTC
16618515,0x94116aeeabfd9e43dcfb69dccad70578cf83244d11dfe7e23746fa8c5fadf089,0x3de1db01355a5b9923e486116bce52f371a84ef3,0x1a99f03e116577065b2aca9098ff9f2a241aaa5f,203757355210830960,2023-02-13 08:02:47 UTC
16619412,0xd391b6c5afde3d2a5e06c5fd651eaaeb8c9460364dd88c0c03488e81b48df176,0x28c6c06298d514db089934071355e5743bf21d60,0x7479b3d88bf01adc0b11cddbd2162fbcd6262666,1098800000000000000,2023-02-13 11:02:59 UTC
16622226,0x20ccd5d6ac0f41c0fb7aacff46e820b550346d59ab1060f64038adc323cb090b,0x077d360f11d220e4d5d831430c81c26c9be7c4a4,0x5c8f4e0dacb56696f04e68749ac5ba7bf7315539,53104000000000000,2023-02-13 20:29:47 UTC
